﻿<parameters>
  <parameter name="IIS Web Application Name" defaultValue="Default Web Site/QCTestFE" tags="IisApp">
    <parameterEntry kind="ProviderPath" scope="IisApp" match="^D:\\sandbox\\QCTest\\QCTestFE\\obj\\Debug\\Package\\PackageTmp$" />
    <parameterEntry kind="ProviderPath" scope="setAcl" match="^D:\\sandbox\\QCTest\\QCTestFE\\obj\\Debug\\Package\\PackageTmp$" />
  </parameter>
  <parameter name="machineKey" description="Please provide the machineKey value." defaultValue="staging">
    <parameterEntry kind="XmlFile" scope="obj\\Release\\Package\\PackageTmp\\Web\.config$" match="//machineKey[@validationKey]" />
    <parameterEntry kind="XmlFile" scope="obj\\Release\\Package\\PackageTmp\\Web\.config$" match="//machineKey[@decryptionKey]" />
  </parameter>
  <parameter name="QCTestDB-Deployment-Deployment Connection String" defaultValue="Data Source=PeopleServer;Initial Catalog=QCTestDBDebug;User=sa;Password=P30ple" tags="SqlConnectionString">
    <parameterEntry kind="ProviderPath" scope="DbFullSql" match="^D:\\sandbox\\QCTest\\QCTestFE\\obj\\Debug\\AutoScripts\\QCTestDB-Deployment_SchemaOnly\.sql$" />
    <parameterEntry kind="ProviderPath" scope="DbFullSql" match="^D:\\sandbox\\QCTest\\QCTestDB\\QCTestDB\\Scripts\\TakeOn\.sql$" />
  </parameter>
  <parameter name="QCTestDB-Web.config Connection String" description="QCTestDB Connection String used in web.config by the application to access the database." defaultValue="Data Source=PeopleServer;Initial Catalog=QCTestDBDebug;User=sa;Password=v!A21084726;" tags="SqlConnectionString">
    <parameterEntry kind="XmlFile" scope="D:\\sandbox\\QCTest\\QCTestFE\\obj\\Debug\\Package\\PackageTmp\\Web\.config$" match="/configuration/connectionStrings/add[@name='QCTestDB']/@connectionString" />
  </parameter>
</parameters>